image,original_quality,enhanced_quality,improvement,enhanced_status,final_source,enhanced_image
IDRiD_130.jpg,48.19,70.62,22.43,GOOD,ENHANCED,/Users/ruchakadam/Documents/diabetic-retinopathy-ai/outputs/quality/enhanced/IDRiD_130.jpg
IDRiD_044.jpg,64.2,82.55,18.35,GOOD,ENHANCED,/Users/ruchakadam/Documents/diabetic-retinopathy-ai/outputs/quality/enhanced/IDRiD_044.jpg
IDRiD_093.jpg,64.75,80.51,15.76,GOOD,ENHANCED,/Users/ruchakadam/Documents/diabetic-retinopathy-ai/outputs/quality/enhanced/IDRiD_093.jpg
IDRiD_086.jpg,45.02,67.47,22.45,GOOD,ENHANCED,/Users/ruchakadam/Documents/diabetic-retinopathy-ai/outputs/quality/enhanced/IDRiD_086.jpg
IDRiD_051.jpg,55.88,79.54,23.67,GOOD,ENHANCED,/Users/ruchakadam/Documents/diabetic-retinopathy-ai/outputs/quality/enhanced/IDRiD_051.jpg
IDRiD_133.jpg,59.84,85.06,25.21,GOOD,ENHANCED,/Users/ruchakadam/Documents/diabetic-retinopathy-ai/outputs/quality/enhanced/IDRiD_133.jpg
IDRiD_090.jpg,45.45,71.74,26.29,GOOD,ENHANCED,/Users/ruchakadam/Documents/diabetic-retinopathy-ai/outputs/quality/enhanced/IDRiD_090.jpg
IDRiD_084.jpg,55.06,74.1,19.04,GOOD,ENHANCED,/Users/ruchakadam/Documents/diabetic-retinopathy-ai/outputs/quality/enhanced/IDRiD_084.jpg
IDRiD_085.jpg,46.19,65.76,19.58,GOOD,ENHANCED,/Users/ruchakadam/Documents/diabetic-retinopathy-ai/outputs/quality/enhanced/IDRiD_085.jpg
IDRiD_046.jpg,64.62,81.82,17.21,GOOD,ENHANCED,/Users/ruchakadam/Documents/diabetic-retinopathy-ai/outputs/quality/enhanced/IDRiD_046.jpg
IDRiD_132.jpg,61.62,86.81,25.18,GOOD,ENHANCED,/Users/ruchakadam/Documents/diabetic-retinopathy-ai/outputs/quality/enhanced/IDRiD_132.jpg
IDRiD_122.jpg,50.55,67.41,16.87,GOOD,ENHANCED,/Users/ruchakadam/Documents/diabetic-retinopathy-ai/outputs/quality/enhanced/IDRiD_122.jpg
IDRiD_320.jpg,49.93,80.2,30.27,GOOD,ENHANCED,/Users/ruchakadam/Documents/diabetic-retinopathy-ai/outputs/quality/enhanced/IDRiD_320.jpg
IDRiD_042.jpg,54.4,83.54,29.14,GOOD,ENHANCED,/Users/ruchakadam/Documents/diabetic-retinopathy-ai/outputs/quality/enhanced/IDRiD_042.jpg
IDRiD_094.jpg,58.44,77.9,19.46,GOOD,ENHANCED,/Users/ruchakadam/Documents/diabetic-retinopathy-ai/outputs/quality/enhanced/IDRiD_094.jpg
IDRiD_043.jpg,58.67,76.35,17.69,GOOD,ENHANCED,/Users/ruchakadam/Documents/diabetic-retinopathy-ai/outputs/quality/enhanced/IDRiD_043.jpg
IDRiD_321.jpg,49.68,74.33,24.65,GOOD,ENHANCED,/Users/ruchakadam/Documents/diabetic-retinopathy-ai/outputs/quality/enhanced/IDRiD_321.jpg
IDRiD_109.jpg,55.16,71.69,16.53,GOOD,ENHANCED,/Users/ruchakadam/Documents/diabetic-retinopathy-ai/outputs/quality/enhanced/IDRiD_109.jpg
IDRiD_337.jpg,57.83,75.87,18.05,GOOD,ENHANCED,/Users/ruchakadam/Documents/diabetic-retinopathy-ai/outputs/quality/enhanced/IDRiD_337.jpg
IDRiD_041.jpg,51.19,81.8,30.6,GOOD,ENHANCED,/Users/ruchakadam/Documents/diabetic-retinopathy-ai/outputs/quality/enhanced/IDRiD_041.jpg
IDRiD_083.jpg,58.66,79.22,20.56,GOOD,ENHANCED,/Users/ruchakadam/Documents/diabetic-retinopathy-ai/outputs/quality/enhanced/IDRiD_083.jpg
IDRiD_322.jpg,51.1,76.06,24.96,GOOD,ENHANCED,/Users/ruchakadam/Documents/diabetic-retinopathy-ai/outputs/quality/enhanced/IDRiD_322.jpg
IDRiD_336.jpg,47.02,67.44,20.42,GOOD,ENHANCED,/Users/ruchakadam/Documents/diabetic-retinopathy-ai/outputs/quality/enhanced/IDRiD_336.jpg
IDRiD_184.jpg,56.87,72.11,15.24,GOOD,ENHANCED,/Users/ruchakadam/Documents/diabetic-retinopathy-ai/outputs/quality/enhanced/IDRiD_184.jpg
IDRiD_378.jpg,59.44,75.95,16.51,GOOD,ENHANCED,/Users/ruchakadam/Documents/diabetic-retinopathy-ai/outputs/quality/enhanced/IDRiD_378.jpg
IDRiD_152.jpg,47.39,67.35,19.96,GOOD,ENHANCED,/Users/ruchakadam/Documents/diabetic-retinopathy-ai/outputs/quality/enhanced/IDRiD_152.jpg
IDRiD_150.jpg,51.92,69.45,17.53,GOOD,ENHANCED,/Users/ruchakadam/Documents/diabetic-retinopathy-ai/outputs/quality/enhanced/IDRiD_150.jpg
IDRiD_187.jpg,62.88,79.62,16.74,GOOD,ENHANCED,/Users/ruchakadam/Documents/diabetic-retinopathy-ai/outputs/quality/enhanced/IDRiD_187.jpg
IDRiD_346.jpg,56.6,71.66,15.07,GOOD,ENHANCED,/Users/ruchakadam/Documents/diabetic-retinopathy-ai/outputs/quality/enhanced/IDRiD_346.jpg
IDRiD_025.jpg,45.91,66.73,20.82,GOOD,ENHANCED,/Users/ruchakadam/Documents/diabetic-retinopathy-ai/outputs/quality/enhanced/IDRiD_025.jpg
IDRiD_031.jpg,57.32,84.95,27.64,GOOD,ENHANCED,/Users/ruchakadam/Documents/diabetic-retinopathy-ai/outputs/quality/enhanced/IDRiD_031.jpg
IDRiD_390.jpg,61.36,75.65,14.29,GOOD,ENHANCED,/Users/ruchakadam/Documents/diabetic-retinopathy-ai/outputs/quality/enhanced/IDRiD_390.jpg
IDRiD_151.jpg,53.3,71.96,18.66,GOOD,ENHANCED,/Users/ruchakadam/Documents/diabetic-retinopathy-ai/outputs/quality/enhanced/IDRiD_151.jpg
IDRiD_145.jpg,61.82,74.32,12.51,GOOD,ENHANCED,/Users/ruchakadam/Documents/diabetic-retinopathy-ai/outputs/quality/enhanced/IDRiD_145.jpg
IDRiD_179.jpg,61.95,81.41,19.46,GOOD,ENHANCED,/Users/ruchakadam/Documents/diabetic-retinopathy-ai/outputs/quality/enhanced/IDRiD_179.jpg
IDRiD_169.jpg,52.1,67.27,15.17,GOOD,ENHANCED,/Users/ruchakadam/Documents/diabetic-retinopathy-ai/outputs/quality/enhanced/IDRiD_169.jpg
IDRiD_182.jpg,64.31,75.6,11.29,GOOD,ENHANCED,/Users/ruchakadam/Documents/diabetic-retinopathy-ai/outputs/quality/enhanced/IDRiD_182.jpg
IDRiD_343.jpg,62.6,78.93,16.33,GOOD,ENHANCED,/Users/ruchakadam/Documents/diabetic-retinopathy-ai/outputs/quality/enhanced/IDRiD_343.jpg
IDRiD_357.jpg,64.74,85.58,20.84,GOOD,ENHANCED,/Users/ruchakadam/Documents/diabetic-retinopathy-ai/outputs/quality/enhanced/IDRiD_357.jpg
IDRiD_035.jpg,56.41,73.27,16.85,GOOD,ENHANCED,/Users/ruchakadam/Documents/diabetic-retinopathy-ai/outputs/quality/enhanced/IDRiD_035.jpg
IDRiD_009.jpg,55.83,70.83,15.0,GOOD,ENHANCED,/Users/ruchakadam/Documents/diabetic-retinopathy-ai/outputs/quality/enhanced/IDRiD_009.jpg
IDRiD_140.jpg,57.99,73.76,15.78,GOOD,ENHANCED,/Users/ruchakadam/Documents/diabetic-retinopathy-ai/outputs/quality/enhanced/IDRiD_140.jpg
IDRiD_156.jpg,54.87,86.41,31.54,GOOD,ENHANCED,/Users/ruchakadam/Documents/diabetic-retinopathy-ai/outputs/quality/enhanced/IDRiD_156.jpg
IDRiD_142.jpg,61.89,76.26,14.38,GOOD,ENHANCED,/Users/ruchakadam/Documents/diabetic-retinopathy-ai/outputs/quality/enhanced/IDRiD_142.jpg
IDRiD_354.jpg,64.97,82.55,17.58,GOOD,ENHANCED,/Users/ruchakadam/Documents/diabetic-retinopathy-ai/outputs/quality/enhanced/IDRiD_354.jpg
IDRiD_397.jpg,57.67,72.65,14.97,GOOD,ENHANCED,/Users/ruchakadam/Documents/diabetic-retinopathy-ai/outputs/quality/enhanced/IDRiD_397.jpg
IDRiD_396.jpg,60.86,86.57,25.72,GOOD,ENHANCED,/Users/ruchakadam/Documents/diabetic-retinopathy-ai/outputs/quality/enhanced/IDRiD_396.jpg
IDRiD_143.jpg,60.99,76.16,15.17,GOOD,ENHANCED,/Users/ruchakadam/Documents/diabetic-retinopathy-ai/outputs/quality/enhanced/IDRiD_143.jpg
IDRiD_157.jpg,48.39,66.26,17.87,GOOD,ENHANCED,/Users/ruchakadam/Documents/diabetic-retinopathy-ai/outputs/quality/enhanced/IDRiD_157.jpg
IDRiD_172.jpg,59.93,75.43,15.5,GOOD,ENHANCED,/Users/ruchakadam/Documents/diabetic-retinopathy-ai/outputs/quality/enhanced/IDRiD_172.jpg
IDRiD_166.jpg,62.79,77.58,14.79,GOOD,ENHANCED,/Users/ruchakadam/Documents/diabetic-retinopathy-ai/outputs/quality/enhanced/IDRiD_166.jpg
IDRiD_358.jpg,58.37,73.3,14.93,GOOD,ENHANCED,/Users/ruchakadam/Documents/diabetic-retinopathy-ai/outputs/quality/enhanced/IDRiD_358.jpg
IDRiD_364.jpg,53.89,72.94,19.05,GOOD,ENHANCED,/Users/ruchakadam/Documents/diabetic-retinopathy-ai/outputs/quality/enhanced/IDRiD_364.jpg
IDRiD_173.jpg,54.95,72.01,17.06,GOOD,ENHANCED,/Users/ruchakadam/Documents/diabetic-retinopathy-ai/outputs/quality/enhanced/IDRiD_173.jpg
IDRiD_159.jpg,45.41,63.62,18.21,BORDERLINE,ENHANCED,/Users/ruchakadam/Documents/diabetic-retinopathy-ai/outputs/quality/enhanced/IDRiD_159.jpg
IDRiD_011.jpg,64.53,82.56,18.03,GOOD,ENHANCED,/Users/ruchakadam/Documents/diabetic-retinopathy-ai/outputs/quality/enhanced/IDRiD_011.jpg
IDRiD_206.jpg,62.32,78.34,16.02,GOOD,ENHANCED,/Users/ruchakadam/Documents/diabetic-retinopathy-ai/outputs/quality/enhanced/IDRiD_206.jpg
IDRiD_170.jpg,45.95,64.92,18.97,BORDERLINE,ENHANCED,/Users/ruchakadam/Documents/diabetic-retinopathy-ai/outputs/quality/enhanced/IDRiD_170.jpg
IDRiD_158.jpg,52.45,82.39,29.93,GOOD,ENHANCED,/Users/ruchakadam/Documents/diabetic-retinopathy-ai/outputs/quality/enhanced/IDRiD_158.jpg
IDRiD_174.jpg,51.76,70.54,18.78,GOOD,ENHANCED,/Users/ruchakadam/Documents/diabetic-retinopathy-ai/outputs/quality/enhanced/IDRiD_174.jpg
IDRiD_404.jpg,64.1,81.51,17.41,GOOD,ENHANCED,/Users/ruchakadam/Documents/diabetic-retinopathy-ai/outputs/quality/enhanced/IDRiD_404.jpg
IDRiD_389.jpg,60.65,75.35,14.71,GOOD,ENHANCED,/Users/ruchakadam/Documents/diabetic-retinopathy-ai/outputs/quality/enhanced/IDRiD_389.jpg
IDRiD_363.jpg,53.36,69.13,15.77,GOOD,ENHANCED,/Users/ruchakadam/Documents/diabetic-retinopathy-ai/outputs/quality/enhanced/IDRiD_363.jpg
IDRiD_175.jpg,52.48,69.89,17.41,GOOD,ENHANCED,/Users/ruchakadam/Documents/diabetic-retinopathy-ai/outputs/quality/enhanced/IDRiD_175.jpg
IDRiD_177.jpg,59.27,87.16,27.9,GOOD,ENHANCED,/Users/ruchakadam/Documents/diabetic-retinopathy-ai/outputs/quality/enhanced/IDRiD_177.jpg
IDRiD_413.jpg,45.22,69.35,24.13,GOOD,ENHANCED,/Users/ruchakadam/Documents/diabetic-retinopathy-ai/outputs/quality/enhanced/IDRiD_413.jpg
IDRiD_017.jpg,51.78,66.84,15.06,GOOD,ENHANCED,/Users/ruchakadam/Documents/diabetic-retinopathy-ai/outputs/quality/enhanced/IDRiD_017.jpg
IDRiD_016.jpg,52.57,78.72,26.14,GOOD,ENHANCED,/Users/ruchakadam/Documents/diabetic-retinopathy-ai/outputs/quality/enhanced/IDRiD_016.jpg
IDRiD_200.jpg,60.54,70.28,9.74,GOOD,ENHANCED,/Users/ruchakadam/Documents/diabetic-retinopathy-ai/outputs/quality/enhanced/IDRiD_200.jpg
IDRiD_374.jpg,62.94,71.63,8.69,GOOD,ENHANCED,/Users/ruchakadam/Documents/diabetic-retinopathy-ai/outputs/quality/enhanced/IDRiD_374.jpg
IDRiD_176.jpg,57.46,73.89,16.43,GOOD,ENHANCED,/Users/ruchakadam/Documents/diabetic-retinopathy-ai/outputs/quality/enhanced/IDRiD_176.jpg
IDRiD_139.jpg,57.41,74.85,17.44,GOOD,ENHANCED,/Users/ruchakadam/Documents/diabetic-retinopathy-ai/outputs/quality/enhanced/IDRiD_139.jpg
IDRiD_059.jpg,64.63,86.88,22.25,GOOD,ENHANCED,/Users/ruchakadam/Documents/diabetic-retinopathy-ai/outputs/quality/enhanced/IDRiD_059.jpg
IDRiD_071.jpg,63.38,77.0,13.63,GOOD,ENHANCED,/Users/ruchakadam/Documents/diabetic-retinopathy-ai/outputs/quality/enhanced/IDRiD_071.jpg
IDRiD_064.jpg,64.66,84.71,20.05,GOOD,ENHANCED,/Users/ruchakadam/Documents/diabetic-retinopathy-ai/outputs/quality/enhanced/IDRiD_064.jpg
IDRiD_110.jpg,46.43,66.5,20.06,GOOD,ENHANCED,/Users/ruchakadam/Documents/diabetic-retinopathy-ai/outputs/quality/enhanced/IDRiD_110.jpg
IDRiD_106.jpg,64.96,86.02,21.06,GOOD,ENHANCED,/Users/ruchakadam/Documents/diabetic-retinopathy-ai/outputs/quality/enhanced/IDRiD_106.jpg
IDRiD_072.jpg,62.65,78.02,15.37,GOOD,ENHANCED,/Users/ruchakadam/Documents/diabetic-retinopathy-ai/outputs/quality/enhanced/IDRiD_072.jpg
IDRiD_098.jpg,64.75,87.34,22.59,GOOD,ENHANCED,/Users/ruchakadam/Documents/diabetic-retinopathy-ai/outputs/quality/enhanced/IDRiD_098.jpg
IDRiD_103.jpg,57.29,72.02,14.73,GOOD,ENHANCED,/Users/ruchakadam/Documents/diabetic-retinopathy-ai/outputs/quality/enhanced/IDRiD_103.jpg
IDRiD_077.jpg,61.22,81.12,19.89,GOOD,ENHANCED,/Users/ruchakadam/Documents/diabetic-retinopathy-ai/outputs/quality/enhanced/IDRiD_077.jpg
IDRiD_076.jpg,48.38,72.44,24.07,GOOD,ENHANCED,/Users/ruchakadam/Documents/diabetic-retinopathy-ai/outputs/quality/enhanced/IDRiD_076.jpg
IDRiD_100.jpg,63.27,78.11,14.84,GOOD,ENHANCED,/Users/ruchakadam/Documents/diabetic-retinopathy-ai/outputs/quality/enhanced/IDRiD_100.jpg
IDRiD_060.jpg,63.62,80.86,17.24,GOOD,ENHANCED,/Users/ruchakadam/Documents/diabetic-retinopathy-ai/outputs/quality/enhanced/IDRiD_060.jpg
IDRiD_075.jpg,53.37,82.34,28.97,GOOD,ENHANCED,/Users/ruchakadam/Documents/diabetic-retinopathy-ai/outputs/quality/enhanced/IDRiD_075.jpg
IDRiD_061.jpg,63.6,80.32,16.72,GOOD,ENHANCED,/Users/ruchakadam/Documents/diabetic-retinopathy-ai/outputs/quality/enhanced/IDRiD_061.jpg
