image,focus,brightness,contrast,fov,quality_score,quality_status,recommended_action
IDRiD_118.jpg,24.648381159625117,66.00176929280039,45.21483463233281,0.6902043395207949,74.14799787336598,GOOD,Accept image for classification
IDRiD_130.jpg,19.248814874975775,44.74522077223608,31.31515761307463,0.68982422857622,48.191319608042804,BORDERLINE,Apply enhancement and re-check
IDRiD_124.jpg,4.403280598060766,30.87165458150784,21.85886296683512,0.6896506320224719,19.908785176933407,UNGRADEABLE,Recapture fundus image
IDRiD_332.jpg,17.809245063786427,67.12098942829742,44.40764105570803,0.6903454276632986,66.24231230512191,GOOD,Accept image for classification
IDRiD_326.jpg,24.836393677788955,78.12179689792785,56.503955288274575,0.6901350646696294,77.87402099347793,GOOD,Accept image for classification
IDRiD_246.jpg,20.72913778706664,71.66229476301778,50.465916113237405,0.6899486121446838,73.45488335472001,GOOD,Accept image for classification
IDRiD_252.jpg,27.089282501446853,70.77231919427616,52.40297615437438,0.689855181169294,82.54010812513711,GOOD,Accept image for classification
IDRiD_285.jpg,27.17813454710222,68.78689901200633,51.10375893899344,0.6896726591323579,81.65975093354356,GOOD,Accept image for classification
IDRiD_291.jpg,28.55164283936468,71.7794080750566,51.73978481601702,0.6896259027020795,83.29327661434633,GOOD,Accept image for classification
IDRiD_078.jpg,19.250701835669936,92.60193172021738,61.829840021575535,0.6912975883835737,66.07028354471205,GOOD,Accept image for classification
IDRiD_044.jpg,21.19807448631112,58.84198848629046,42.06690934581921,0.6899084065277545,64.20167641051702,BORDERLINE,Apply enhancement and re-check
IDRiD_050.jpg,22.75074908524359,76.99826993019454,52.91767278749943,0.6901265486122757,74.1540930986204,GOOD,Accept image for classification
IDRiD_087.jpg,20.1088919583117,64.90894549592278,46.74451740738663,0.6900335270627201,68.84341271175361,GOOD,Accept image for classification
IDRiD_093.jpg,25.118088810005037,55.40006586842822,37.885146022341665,0.6899318256854771,64.74690737516154,BORDERLINE,Apply enhancement and re-check
IDRiD_092.jpg,26.25601864003306,62.474366257939586,42.40989156821351,0.6901707666023813,72.58115914981624,GOOD,Accept image for classification
IDRiD_086.jpg,17.977088857654227,42.950059465008174,30.104059544909227,0.689838558480421,45.02015543701869,BORDERLINE,Apply enhancement and re-check
IDRiD_051.jpg,17.244101483870686,55.81824465388122,38.32954293896424,0.6901362929471323,55.87644674198597,BORDERLINE,Apply enhancement and re-check
IDRiD_045.jpg,23.082592654472037,83.07906553302658,54.846261324277265,0.6907058861678266,72.26414280270559,GOOD,Accept image for classification
IDRiD_079.jpg,25.100324149171712,63.52697035363911,44.14167357897763,0.6900937945455308,72.67965899881477,GOOD,Accept image for classification
IDRiD_290.jpg,26.271361135385806,72.59730889312218,52.69651208086144,0.689673232328526,80.61533945247162,GOOD,Accept image for classification
IDRiD_284.jpg,24.30268442482611,72.6683900491835,50.50186829132932,0.689866481322321,77.14136529590105,GOOD,Accept image for classification
IDRiD_253.jpg,24.60441701207233,79.49683055273142,57.09058397212427,0.6899296966711387,77.05152182720394,GOOD,Accept image for classification
IDRiD_247.jpg,27.88254751850564,73.69985270496184,53.68907483993812,0.6897920477056432,82.46461872715335,GOOD,Accept image for classification
IDRiD_327.jpg,22.999908534003083,62.2187477891005,42.574968685573985,0.6901195883730924,68.61527074051534,GOOD,Accept image for classification
IDRiD_333.jpg,23.082592654472037,83.07906553302658,54.846261324277265,0.6907058861678266,72.26414280270559,GOOD,Accept image for classification
IDRiD_125.jpg,25.300535594499383,62.22447663914452,42.69170029758727,0.6904575284567331,71.53481397134931,GOOD,Accept image for classification
IDRiD_131.jpg,17.663881696045074,72.1477722649044,47.15460069604784,0.690497488418162,67.96550191951674,GOOD,Accept image for classification
IDRiD_119.jpg,24.43627819110951,61.11519023889506,43.73876757561361,0.6898934215422187,70.23481261911013,GOOD,Accept image for classification
IDRiD_127.jpg,13.12201495720926,46.79368295242537,33.4896189010959,0.6897251475243166,43.14424407050543,UNGRADEABLE,Recapture fundus image
IDRiD_133.jpg,10.241863398076967,70.8396740020491,47.03956500653838,0.6906706755460758,59.84216009532805,BORDERLINE,Apply enhancement and re-check
IDRiD_319.jpg,23.2421767713869,72.17894267252223,49.87706653252641,0.6901952502672731,75.93318500600816,GOOD,Accept image for classification
IDRiD_325.jpg,23.6941376107665,82.5405649290416,57.49180589849754,0.6903200432615714,74.55776987402909,GOOD,Accept image for classification
IDRiD_331.jpg,26.46276394852466,76.0381056718252,51.63697380936187,0.6902375030133742,78.50509873833889,GOOD,Accept image for classification
IDRiD_279.jpg,25.100324149171712,63.52697035363911,44.14167357897763,0.6900937945455308,72.67965899881477,GOOD,Accept image for classification
IDRiD_251.jpg,27.189082839148305,69.64112703795803,50.18456852663412,0.689699926892923,81.69087082413587,GOOD,Accept image for classification
IDRiD_245.jpg,18.743361896912273,74.11394918730609,53.28466233533909,0.6899717037617391,71.15727839137269,GOOD,Accept image for classification
IDRiD_292.jpg,30.26575863638931,75.47991635266435,54.13686074393398,0.6898692654179943,84.55201410368413,GOOD,Accept image for classification
IDRiD_286.jpg,29.46251428054609,66.06736086727528,47.30741402925821,0.6898202162030438,80.90409092879153,GOOD,Accept image for classification
IDRiD_053.jpg,27.84990293277857,64.26833146853514,44.26928286250895,0.6903143931850578,76.52426817989355,GOOD,Accept image for classification
IDRiD_047.jpg,24.205019820521105,80.84696120870368,54.766554768442,0.6905342548580832,74.78441433094565,GOOD,Accept image for classification
IDRiD_090.jpg,11.86583631282389,50.32178479530018,36.90637078295076,0.6897699387105903,45.45352526778889,BORDERLINE,Apply enhancement and re-check
IDRiD_084.jpg,21.860068893034693,47.98876715658016,35.07278845569939,0.6896401507211135,55.062682081755256,BORDERLINE,Apply enhancement and re-check
IDRiD_085.jpg,21.197197660302812,39.92129066744927,28.555297522364743,0.689387698751677,46.18619980176984,BORDERLINE,Apply enhancement and re-check
IDRiD_091.jpg,22.156367259412075,61.018272511214995,42.279239814586205,0.6900413880387389,66.74279075005485,GOOD,Accept image for classification
IDRiD_046.jpg,18.657650477981544,92.74149180362234,60.74074533709481,0.6909847051609928,64.61554698010269,BORDERLINE,Apply enhancement and re-check
IDRiD_052.jpg,10.154868433463385,52.01807737886236,36.471299130619165,0.6900560454836072,44.243244757679975,UNGRADEABLE,Recapture fundus image
IDRiD_287.jpg,23.271716272793512,76.22542437806578,54.12052806424719,0.6899518056661915,75.78904805362252,GOOD,Accept image for classification
IDRiD_293.jpg,24.14610008457927,76.57135235973398,53.7783757762008,0.6901230275501006,76.51201254016843,GOOD,Accept image for classification
IDRiD_244.jpg,26.21232528678003,75.61271959964049,55.00146416102565,0.6898045761361731,80.06391930386678,GOOD,Accept image for classification
IDRiD_250.jpg,23.110326584837413,87.07023266196231,60.03591866985451,0.6901644614445329,72.54767080985685,GOOD,Accept image for classification
IDRiD_278.jpg,27.49988666934532,58.71805766091418,40.416255063560165,0.6896081336208704,70.70358028504775,GOOD,Accept image for classification
IDRiD_330.jpg,22.79399067688147,77.24523485648479,52.751861730189674,0.6905519420541254,74.1133096734174,GOOD,Accept image for classification
IDRiD_324.jpg,25.601401594343084,59.48465029793099,41.36532645137904,0.6898650073893174,69.44967352704386,GOOD,Accept image for classification
IDRiD_318.jpg,29.957896611677373,67.12370326649757,48.857293467894195,0.6895866797071525,82.83255909895404,GOOD,Accept image for classification
IDRiD_132.jpg,10.38967013706004,70.06799727879213,49.7752720993109,0.6898470745377746,61.623065980503554,BORDERLINE,Apply enhancement and re-check
IDRiD_126.jpg,27.083865555780488,64.198659801851,44.08504017357346,0.6900216537135251,75.38050118640703,GOOD,Accept image for classification
IDRiD_122.jpg,22.60693858659713,42.58914723477067,30.702733049038645,0.6894886631624182,50.54518833375978,BORDERLINE,Apply enhancement and re-check
IDRiD_136.jpg,10.360122119751678,45.99890871638122,31.247378608892635,0.6899817756372632,38.30453372459682,UNGRADEABLE,Recapture fundus image
IDRiD_320.jpg,12.221525332860647,55.856301030835986,38.41080337897687,0.6900926481531947,49.92699655459404,BORDERLINE,Apply enhancement and re-check
IDRiD_334.jpg,24.36157337100635,70.65748302684261,48.17573173189305,0.6903067778645396,77.28904740253589,GOOD,Accept image for classification
IDRiD_308.jpg,25.831696994430217,73.44982535531612,51.7487705288942,0.689953852795363,79.1984615863853,GOOD,Accept image for classification
IDRiD_254.jpg,25.00783010411112,72.97552902730904,51.19877784083127,0.6900164130628459,78.2187526003163,GOOD,Accept image for classification
IDRiD_240.jpg,24.37486014006524,59.08864961861165,42.49386937810586,0.6896861701848902,68.28924457538095,GOOD,Accept image for classification
IDRiD_268.jpg,23.523101605576937,79.63290593097538,55.67286973510988,0.6899078333315865,74.93675719994825,GOOD,Accept image for classification
IDRiD_297.jpg,27.61629216625176,73.8210090971145,53.268289972078435,0.689773705428266,81.85235230396077,GOOD,Accept image for classification
IDRiD_283.jpg,24.251526415228856,72.58197245645019,50.96204187445022,0.6898365932364162,77.35982198706,GOOD,Accept image for classification
IDRiD_056.jpg,10.909515825948878,45.179078601899214,31.35769486154001,0.6896677460223462,38.450096159094684,UNGRADEABLE,Recapture fundus image
IDRiD_042.jpg,12.607997445650875,60.44167671670615,41.06302377739337,0.69013531032513,54.403775677150776,BORDERLINE,Apply enhancement and re-check
IDRiD_095.jpg,19.660154854069052,89.44213838527692,58.88452464617119,0.6909602214961009,66.72386841337848,GOOD,Accept image for classification
IDRiD_081.jpg,19.351903221692492,84.54345703125,66.52469336387469,0.690462441566745,72.97612539397836,GOOD,Accept image for classification
IDRiD_080.jpg,23.972126286605945,63.94021170918581,45.672843807461405,0.6900744696461513,72.35946989394179,GOOD,Accept image for classification
IDRiD_094.jpg,20.967903388908184,53.681101411176215,37.13262233821724,0.6900100260198306,58.439968678435264,BORDERLINE,Apply enhancement and re-check
IDRiD_043.jpg,22.90296132792716,51.45360722174765,35.623866943827785,0.6899343641256498,58.66878776324505,BORDERLINE,Apply enhancement and re-check
IDRiD_057.jpg,26.921135163427497,80.64847221931075,54.641637160212994,0.6903212715390743,78.0096679865579,GOOD,Accept image for classification
IDRiD_282.jpg,19.472517536285277,81.09286130028404,57.039597137118264,0.689962778278551,69.99319536502951,GOOD,Accept image for classification
IDRiD_296.jpg,33.65856980423289,61.83125145755597,44.73017897439979,0.6896164859078904,82.08882378644233,GOOD,Accept image for classification
IDRiD_269.jpg,29.096184200125833,57.90781105882106,41.83493558751579,0.6897988441744927,72.94686141966505,GOOD,Accept image for classification
IDRiD_241.jpg,25.17816270829752,77.8435834455706,54.30257850741489,0.6900196884695203,77.25807885838424,GOOD,Accept image for classification
IDRiD_255.jpg,31.035294225780387,62.70095831848482,47.04497921520161,0.6895904464248281,80.64955211861302,GOOD,Accept image for classification
IDRiD_309.jpg,26.72704398321042,71.76712988559659,49.89721132131692,0.6899272401161328,80.25672675095639,GOOD,Accept image for classification
IDRiD_335.jpg,19.199941465345667,95.94239083724636,64.22121744850057,0.6914569369182878,65.3969104218397,GOOD,Accept image for classification
IDRiD_321.jpg,11.470675117662095,55.80257609097246,39.63869402770402,0.6902246470421768,49.680807325418826,BORDERLINE,Apply enhancement and re-check
IDRiD_137.jpg,8.105602303909068,48.2558331717466,31.956523742504302,0.690172158650218,37.33087790943312,UNGRADEABLE,Recapture fundus image
IDRiD_123.jpg,25.33824182738931,71.49359412339636,48.05516822270661,0.6903526335579826,77.92970230625946,GOOD,Accept image for classification
IDRiD_135.jpg,25.643377651408343,63.81097005754234,44.67237727423862,0.6901790370042344,73.79411253932685,GOOD,Accept image for classification
IDRiD_121.jpg,27.018537982708708,72.20435565217278,48.358530037152754,0.6904489305142126,79.71930397628304,GOOD,Accept image for classification
IDRiD_109.jpg,6.932303239274174,72.71023574411998,47.778087967362175,0.6905423614896026,55.16378091851169,BORDERLINE,Apply enhancement and re-check
IDRiD_337.jpg,22.39692983014871,51.62980420273981,34.921247097737755,0.6900178869958494,57.825564627366106,BORDERLINE,Apply enhancement and re-check
IDRiD_323.jpg,24.14886346592542,63.573859028461975,45.15038359761583,0.6899123370157639,72.03765963349599,GOOD,Accept image for classification
IDRiD_243.jpg,28.065913870829817,71.30929755300919,51.25840331666192,0.6900309886225474,82.8595680550073,GOOD,Accept image for classification
IDRiD_257.jpg,33.07070096305994,57.9848773654987,40.76078417788552,0.689710653849782,77.15116479124966,GOOD,Accept image for classification
IDRiD_280.jpg,27.804834891272034,62.48180839132987,44.86411047202993,0.6898150574375315,75.60084906729675,GOOD,Accept image for classification
IDRiD_294.jpg,23.473940609553356,78.8277081226155,54.523378741432055,0.6899023470254066,74.73771058364404,GOOD,Accept image for classification
IDRiD_041.jpg,11.645233987471666,58.41670165892797,39.38447505454799,0.6900487577037565,51.194867185126554,BORDERLINE,Apply enhancement and re-check
IDRiD_055.jpg,24.452086777641863,77.08715775275658,51.29222546267433,0.6904789004852843,75.4008852958955,GOOD,Accept image for classification
IDRiD_069.jpg,28.82012031275834,61.0320444498889,44.55513659158163,0.6898570645281318,75.83762250263311,GOOD,Accept image for classification
IDRiD_082.jpg,23.956395083340563,77.74637944734718,54.429351003634075,0.690492165882316,76.07019479011805,GOOD,Accept image for classification
IDRiD_096.jpg,25.606660996406436,64.9646742477046,43.765833967648426,0.6901637244780312,73.93249349945327,GOOD,Accept image for classification
IDRiD_097.jpg,22.24657580792421,86.40263255898353,56.28439882205975,0.6906831220914389,70.10810996471162,GOOD,Accept image for classification
IDRiD_083.jpg,19.03241604477545,55.988490139060666,39.35379707080032,0.6901950864969395,58.66207212184665,BORDERLINE,Apply enhancement and re-check
IDRiD_068.jpg,27.192319105527343,59.2673829107622,40.03707076751277,0.6899575376278719,70.56350898719964,GOOD,Accept image for classification
IDRiD_054.jpg,23.718321244669347,73.0457879744099,48.74412349367597,0.6906498767136928,75.56086945170611,GOOD,Accept image for classification
IDRiD_040.jpg,24.934215339619325,71.31197822771675,48.67672971322641,0.6902855696063224,77.85329712033506,GOOD,Accept image for classification
IDRiD_295.jpg,30.48662454799409,69.86852591305237,50.64651790051381,0.6895888087214909,85.9651790576408,GOOD,Accept image for classification
IDRiD_281.jpg,28.47657060595772,62.09544969040856,43.678594295030706,0.6897803381267819,75.55400899741632,GOOD,Accept image for classification
IDRiD_256.jpg,31.694665607169956,68.57392732069114,48.526908634675586,0.6900239464981972,85.7026367106422,GOOD,Accept image for classification
IDRiD_242.jpg,21.593242064077607,77.88323985868585,55.046575435007206,0.690034182144055,73.34518920259923,GOOD,Accept image for classification
IDRiD_322.jpg,14.120924246406473,53.445196796259225,39.14816380084768,0.6897692836292554,51.099515740247526,BORDERLINE,Apply enhancement and re-check
IDRiD_336.jpg,20.573710077862273,40.812163697619695,30.651002937765305,0.6893272674985326,47.02281842852354,BORDERLINE,Apply enhancement and re-check
IDRiD_108.jpg,24.16812989818133,71.9966524524935,48.29616216167896,0.6905342548580832,76.42767101072002,GOOD,Accept image for classification
IDRiD_120.jpg,22.847971179191376,66.17376679301002,46.28837999486995,0.6899950410342948,72.58831601870287,GOOD,Accept image for classification
IDRiD_134.jpg,29.08266397633272,64.01621915877075,42.866632212896754,0.690674687919252,77.23661752158677,GOOD,Accept image for classification
IDRiD_153.jpg,7.2016301862753815,40.54311589764485,28.748226354888654,0.6897220358879759,30.02989638329897,UNGRADEABLE,Recapture fundus image
IDRiD_147.jpg,16.826297486764833,33.00865133164934,26.924130350900096,0.6597468241656884,27.893454203683795,UNGRADEABLE,Recapture fundus image
IDRiD_190.jpg,23.24363015058294,77.47532955504255,53.8324569572892,0.6905818301400302,75.09123728318329,GOOD,Accept image for classification
IDRiD_184.jpg,19.68020566918504,49.008611126032406,49.07301961820204,0.6787224014233607,56.8673527914261,BORDERLINE,Apply enhancement and re-check
IDRiD_379.jpg,27.064131724116713,61.60038294417135,44.79984825783686,0.6898820395040248,74.20017262293939,GOOD,Accept image for classification
IDRiD_351.jpg,22.965977364295167,78.92973130856427,53.714660716784486,0.6902523242285762,73.76252615617801,GOOD,Accept image for classification
IDRiD_345.jpg,30.02206575643662,61.84247308270795,44.345784768863034,0.6898080153131813,77.61188699932123,GOOD,Accept image for classification
IDRiD_392.jpg,21.339650491921383,65.64153752829951,45.4370318406763,0.6901065686315613,70.0744318385108,GOOD,Accept image for classification
IDRiD_386.jpg,24.7807709679213,71.09961125835883,50.63950413586769,0.6899439446901727,78.70518034049236,GOOD,Accept image for classification
IDRiD_219.jpg,26.698245380564742,70.81140511343388,51.07094808817221,0.6897734597727654,81.33095620712393,GOOD,Accept image for classification
IDRiD_225.jpg,31.712207373079945,63.341094955349654,46.00461698395703,0.6897000087780899,81.31687017592353,GOOD,Accept image for classification
IDRiD_231.jpg,20.09312202265452,78.88383467253794,55.85883409851379,0.6899970881634664,71.39274399001886,GOOD,Accept image for classification
IDRiD_027.jpg,21.67969675153637,62.95127750686525,43.806991336992226,0.690104930928224,68.0938396665034,GOOD,Accept image for classification
IDRiD_033.jpg,22.117090300120775,77.2538758706031,53.22455408343925,0.6904010276915982,73.49807249580812,GOOD,Accept image for classification
IDRiD_032.jpg,22.774261836140735,72.78912899075549,50.63784569933613,0.690201882965789,75.42390912241788,GOOD,Accept image for classification
IDRiD_026.jpg,17.359407017096697,41.857181951461094,30.243697053960204,0.6894556634401727,43.60898268694109,UNGRADEABLE,Recapture fundus image
IDRiD_230.jpg,28.13101486755348,65.81961942394767,48.93945080588945,0.6901396502389737,80.12342286566103,GOOD,Accept image for classification
IDRiD_224.jpg,24.014607085019865,67.0489677392095,50.127825526341034,0.6899017738292387,76.4521258018607,GOOD,Accept image for classification
IDRiD_218.jpg,28.62812235180843,69.76882187879947,51.24582499752383,0.6897890179544692,84.0638491054986,GOOD,Accept image for classification
IDRiD_387.jpg,24.734896441362498,62.85697854870661,43.96090867587905,0.6900295146895439,71.74573410863107,GOOD,Accept image for classification
IDRiD_393.jpg,22.065095184542862,80.18675623702939,53.82138679375548,0.6906316163214825,72.1440837611307,GOOD,Accept image for classification
IDRiD_344.jpg,23.508663364966967,74.69958305710738,53.226802830376165,0.6901328537701241,76.53599367736572,GOOD,Accept image for classification
IDRiD_350.jpg,27.586950498746408,58.97501675370514,40.8535587013752,0.6901160673109173,71.3434263156106,GOOD,Accept image for classification
IDRiD_378.jpg,22.757934342857084,51.88544920237297,36.98336661719993,0.6899052948914137,59.44115860168412,BORDERLINE,Apply enhancement and re-check
IDRiD_185.jpg,28.357351943483764,72.00304776591062,50.10544190894516,0.6901555359613449,82.25031168292927,GOOD,Accept image for classification
IDRiD_191.jpg,16.398884180021824,84.51847935314649,59.49611527368441,0.6906624051442227,65.86566394962045,GOOD,Accept image for classification
IDRiD_146.jpg,18.198032150055393,36.02153669962163,29.468661979460116,0.6842258216030103,39.21216754276364,UNGRADEABLE,Recapture fundus image
IDRiD_152.jpg,19.86315981429335,42.31190739704742,31.09804841355088,0.6897161401559617,47.38732247245596,BORDERLINE,Apply enhancement and re-check
IDRiD_178.jpg,22.132683445596943,69.81525347062092,49.71787255808699,0.6903623778928392,75.71753519562506,GOOD,Accept image for classification
IDRiD_144.jpg,25.465539364431983,69.4129562313957,47.95006421303094,0.6901331813107916,78.4753839329768,GOOD,Accept image for classification
IDRiD_150.jpg,22.36413408387576,44.47140373448767,31.664034892662713,0.6897679734665856,51.920071949470085,BORDERLINE,Apply enhancement and re-check
IDRiD_187.jpg,20.66004766970483,57.011439439695835,42.45777801017076,0.6904303425813348,62.88222564897518,BORDERLINE,Apply enhancement and re-check
IDRiD_193.jpg,27.45877810610358,62.45877884323117,45.459479675858034,0.6901521786695036,75.5914216535271,GOOD,Accept image for classification
IDRiD_408.jpg,24.841371972505133,74.24274579306767,50.23802623879039,0.6905805199773604,76.97447806339255,GOOD,Accept image for classification
IDRiD_346.jpg,23.64427945301046,46.33098958879234,35.92133648570457,0.6893452003500755,56.595007217617365,BORDERLINE,Apply enhancement and re-check
IDRiD_352.jpg,21.60345396537118,60.16928620044965,47.3155479886183,0.6897919658204763,68.14107460160866,GOOD,Accept image for classification
IDRiD_385.jpg,20.39648477833613,80.5681933118816,54.18605986966752,0.6905241829825591,70.0887271684331,GOOD,Accept image for classification
IDRiD_391.jpg,22.69934607425171,81.9724622640397,54.75893537454736,0.6905562819679691,72.34570878340203,GOOD,Accept image for classification
IDRiD_232.jpg,20.2589189312254,76.31895205983776,53.31273933328749,0.6900344277995556,71.7422049411226,GOOD,Accept image for classification
IDRiD_226.jpg,27.698960401064525,73.78077809578338,52.25864732420026,0.6899500860776874,81.50423020990937,GOOD,Accept image for classification
IDRiD_018.jpg,7.55266829363842,46.727127343881016,32.435816503399,0.6897127828641204,35.900628408036155,UNGRADEABLE,Recapture fundus image
IDRiD_030.jpg,8.30259983741588,27.639381328085697,20.18351538430456,0.6888010734162754,23.424397042570547,UNGRADEABLE,Recapture fundus image
IDRiD_024.jpg,25.02971195014026,70.36752470311714,48.55612192771174,0.6903885811462351,78.47694481931265,GOOD,Accept image for classification
IDRiD_025.jpg,18.861932682322777,42.077593810922565,30.94393506635136,0.6895131468273101,45.912714193331695,BORDERLINE,Apply enhancement and re-check
IDRiD_031.jpg,13.395407830711257,63.097753283922735,41.81741181939791,0.6903360108691096,57.31875122265088,BORDERLINE,Apply enhancement and re-check
IDRiD_019.jpg,7.149708521078444,37.694833144233186,26.292899977474608,0.689444199516812,26.973265927371983,UNGRADEABLE,Recapture fundus image
IDRiD_227.jpg,28.91773734033993,72.1343647971082,51.291601658424305,0.6899576195130387,83.3996366482583,GOOD,Accept image for classification
IDRiD_233.jpg,32.34985436429573,67.69387697113973,49.56649044409521,0.6896349100704343,86.40034471381074,GOOD,Accept image for classification
IDRiD_390.jpg,23.05124324450152,52.28012792755849,39.79279385682063,0.6895230549325004,61.35895563219502,BORDERLINE,Apply enhancement and re-check
IDRiD_384.jpg,27.475627777855067,53.97677269922333,41.50815407996291,0.6896424435057856,68.54488582596073,GOOD,Accept image for classification
IDRiD_353.jpg,25.577158589066865,65.76011085286349,47.090558211732514,0.6899403417428308,76.01249897531837,GOOD,Accept image for classification
IDRiD_347.jpg,23.593801008420265,69.32905578869172,47.907735965783814,0.6901402234351417,76.17176552539473,GOOD,Accept image for classification
IDRiD_409.jpg,23.202302052956863,76.16131205913027,50.97392875421304,0.690891192300436,74.40212982621483,GOOD,Accept image for classification
IDRiD_192.jpg,19.539879302068936,83.11524018884684,57.10311206001655,0.6908504953725054,69.2329121984424,GOOD,Accept image for classification
IDRiD_186.jpg,28.08006109066067,63.59674429489665,46.79012888353715,0.6899181508626111,77.60258645625008,GOOD,Accept image for classification
IDRiD_151.jpg,22.631317926882584,46.38086224098084,31.488066862998384,0.6899707211397367,53.30306700847984,BORDERLINE,Apply enhancement and re-check
IDRiD_145.jpg,25.15335322795529,49.85524282882463,38.56174710805377,0.6894392864068003,61.81659652119451,BORDERLINE,Apply enhancement and re-check
IDRiD_179.jpg,23.712074473637013,56.66713835252285,46.65906268329481,0.6697348492788865,61.94941920412786,BORDERLINE,Apply enhancement and re-check
IDRiD_141.jpg,24.138161481478793,74.67533219174493,51.17628387102894,0.6903484574144726,76.30227849887348,GOOD,Accept image for classification
IDRiD_155.jpg,18.916156382018848,38.93810332990944,29.318474443251652,0.6895603126834228,43.35187118339738,UNGRADEABLE,Recapture fundus image
IDRiD_169.jpg,22.061332644853515,42.50477947341942,35.101631003573466,0.6893727137661412,52.0995138249379,BORDERLINE,Apply enhancement and re-check
IDRiD_182.jpg,23.858858385674903,51.97099561881603,43.65411154308352,0.6899999541443066,64.30953611973652,BORDERLINE,Apply enhancement and re-check
IDRiD_196.jpg,20.244030733320777,77.20371490074207,59.62880666985114,0.6904589205045698,74.64321963149905,GOOD,Accept image for classification
IDRiD_343.jpg,24.118331923673797,53.48976394471637,38.27052972599838,0.6897428347203589,62.60178098277454,BORDERLINE,Apply enhancement and re-check
IDRiD_357.jpg,15.545564178252688,77.3411699621625,51.62414510103978,0.6903339637399379,64.74340779002566,BORDERLINE,Apply enhancement and re-check
IDRiD_380.jpg,19.630539932894997,86.63244426240462,57.87315753212291,0.6908291233439544,67.72565956022748,GOOD,Accept image for classification
IDRiD_394.jpg,23.25937806250035,64.60010019469017,44.34685470623701,0.6900848690623428,71.19782537847313,GOOD,Accept image for classification
IDRiD_237.jpg,16.305019869613275,82.2938066809125,56.89049610765056,0.6900892089761865,65.48572052061976,GOOD,Accept image for classification
IDRiD_223.jpg,18.96359549249221,37.38302564708934,31.910955475215456,0.6866452826282912,42.944767414820774,UNGRADEABLE,Recapture fundus image
IDRiD_035.jpg,21.9834248804968,49.699038111321904,35.209680023805824,0.6901326899997904,56.41499270631239,BORDERLINE,Apply enhancement and re-check
IDRiD_021.jpg,22.69934607425171,81.9724622640397,54.75893537454736,0.6905562819679691,72.34570878340203,GOOD,Accept image for classification
IDRiD_009.jpg,22.465788049116412,47.47056089046516,35.779442955290484,0.6895449182720527,55.827936216329135,BORDERLINE,Apply enhancement and re-check
IDRiD_008.jpg,28.24364554651512,55.88045109555802,40.568200169363685,0.6897348918591732,70.08991877632226,GOOD,Accept image for classification
IDRiD_020.jpg,21.862192093617185,82.66054323929859,56.002588691851166,0.6905164038917072,71.58758276324787,GOOD,Accept image for classification
IDRiD_034.jpg,27.50625954680623,65.30426030508448,43.88060598703041,0.6907085064931662,76.62841146607329,GOOD,Accept image for classification
IDRiD_222.jpg,28.507502073309084,70.16883181965873,50.590071407371056,0.689829632997233,83.6267452427769,GOOD,Accept image for classification
IDRiD_236.jpg,16.58539033842483,80.93620686944492,56.232207087906325,0.6901959053486081,66.28741837056614,GOOD,Accept image for classification
IDRiD_395.jpg,22.439392365528132,83.22164636023709,56.898204557432656,0.6905219720830539,72.42467506429129,GOOD,Accept image for classification
IDRiD_381.jpg,22.214539955778584,82.31482693078672,55.44655488646196,0.6907103079668372,71.97798419918584,GOOD,Accept image for classification
IDRiD_356.jpg,23.32850076879838,68.3263826474195,46.89484555922586,0.6900916655311924,74.73893560127947,GOOD,Accept image for classification
IDRiD_342.jpg,21.841043032957224,85.52341277067961,59.621273743695745,0.6905312251069092,71.81583087922242,GOOD,Accept image for classification
IDRiD_197.jpg,20.77138340751608,87.13237744410846,62.25843681310863,0.6902492125922355,70.90266673813862,GOOD,Accept image for classification
IDRiD_183.jpg,19.97037689039484,72.76066112118481,56.477722338249,0.6906200705129549,75.26518622625478,GOOD,Accept image for classification
IDRiD_168.jpg,20.333581336173943,37.693305740215706,29.23695024622326,0.6893184239005115,44.214477406360515,UNGRADEABLE,Recapture fundus image
IDRiD_154.jpg,7.030587221335398,43.06971244549723,30.397746847331163,0.6896956688642462,32.12010307706012,UNGRADEABLE,Recapture fundus image
IDRiD_140.jpg,22.7267840796908,49.59079369982077,36.900741945318046,0.6897015645962603,57.98500670651913,BORDERLINE,Apply enhancement and re-check
IDRiD_156.jpg,11.501351678419296,62.383177953499704,42.517127304402905,0.689895550556557,54.872504526197034,BORDERLINE,Apply enhancement and re-check
IDRiD_142.jpg,25.249901900364662,51.60888426219499,36.35952633560974,0.6897484847968723,61.88517675233186,BORDERLINE,Apply enhancement and re-check
IDRiD_195.jpg,23.88955312206052,85.59723077467298,60.173371110477824,0.6906988440434765,74.56143793904243,GOOD,Accept image for classification
IDRiD_181.jpg,21.42998244439581,82.99863341845024,59.46301060758013,0.6906225270679608,72.71408996363851,GOOD,Accept image for classification
IDRiD_354.jpg,18.642916474282465,92.34980115006078,61.15253449875084,0.6907644340621332,64.96631605371822,BORDERLINE,Apply enhancement and re-check
IDRiD_340.jpg,26.663725540035177,70.79871299445539,48.331611491531305,0.6900815117705015,79.96803001639847,GOOD,Accept image for classification
IDRiD_368.jpg,20.09228965797895,94.73220479742264,64.52515916681689,0.6909229637451786,67.14317792698381,GOOD,Accept image for classification
IDRiD_397.jpg,23.07433043645447,48.58157121913257,36.75712707013214,0.6894674549042009,57.67434595885699,BORDERLINE,Apply enhancement and re-check
IDRiD_383.jpg,29.711131485811435,73.10804264644999,49.32721278435525,0.6903695837875231,82.89865285670207,GOOD,Accept image for classification
IDRiD_220.jpg,22.77277496509397,82.6678745820581,57.229272594328165,0.6902519966879088,73.2260794751247,GOOD,Accept image for classification
IDRiD_234.jpg,33.47992200179794,65.067035373737,46.98141674423454,0.6897346462036726,84.93447223213401,GOOD,Accept image for classification
IDRiD_208.jpg,21.78784543913524,75.86885148847581,52.219639383203216,0.6903888268017357,73.36895271944516,GOOD,Accept image for classification
IDRiD_022.jpg,24.524348878602837,78.69736642564041,54.16269041381805,0.6904101169451199,76.04028375429536,GOOD,Accept image for classification
IDRiD_036.jpg,21.98702341068304,84.29576218058234,54.928146601169,0.6907383126939041,70.31312983064402,GOOD,Accept image for classification
IDRiD_037.jpg,19.27035091963188,62.05950881673969,44.870362142007416,0.6899552448431997,65.21251896575637,GOOD,Accept image for classification
IDRiD_023.jpg,26.17420856300365,66.71340723851773,46.48569350740002,0.6902116273006457,77.04152809382347,GOOD,Accept image for classification
IDRiD_209.jpg,32.35418053254806,68.94999821490336,49.018367159133675,0.6899234733984572,86.92942258758889,GOOD,Accept image for classification
IDRiD_235.jpg,33.28426476549746,65.12038904625398,49.154762343879646,0.6897499587298759,85.86805174943845,GOOD,Accept image for classification
IDRiD_221.jpg,29.91367845587223,64.63964041275365,48.355055654923696,0.6897353831701744,81.14589954278915,GOOD,Accept image for classification
IDRiD_382.jpg,21.606632009463617,83.47316811417805,59.11801241465401,0.6906181052689502,72.47285181465034,GOOD,Accept image for classification
IDRiD_396.jpg,10.542059333230377,70.04546076128312,47.80142707447394,0.690063333263458,60.858588146419876,BORDERLINE,Apply enhancement and re-check
IDRiD_369.jpg,24.918054891107783,75.77212586339719,51.66349816298801,0.690386288361563,76.87291981408389,GOOD,Accept image for classification
IDRiD_341.jpg,24.32001369880922,60.79764660392734,41.87185055391893,0.6900927300383616,69.00539653707156,GOOD,Accept image for classification
IDRiD_355.jpg,22.7469098124978,84.17420438734173,56.27089292809674,0.6905561181976354,71.93181308129203,GOOD,Accept image for classification
IDRiD_180.jpg,27.07250955704935,69.19192597515408,50.31861387341538,0.6903556633091564,81.57291871731421,GOOD,Accept image for classification
IDRiD_194.jpg,28.983834803548568,59.5681636694512,44.17224365795335,0.6899039847287439,75.0121544832791,GOOD,Accept image for classification
IDRiD_143.jpg,25.522751629164304,50.07513594575403,35.737989310815365,0.6896923934575717,60.99315487831235,BORDERLINE,Apply enhancement and re-check
IDRiD_157.jpg,20.4340067776764,41.60327955006394,32.67467480203844,0.6894036663592151,48.38625292382105,BORDERLINE,Apply enhancement and re-check
IDRiD_172.jpg,22.607090321688485,51.85475446568946,38.299494982542974,0.6899213443841188,59.934008249031066,BORDERLINE,Apply enhancement and re-check
IDRiD_166.jpg,24.9197865186185,53.02960181536139,37.06411396466326,0.6901407147461429,62.794169741576624,BORDERLINE,Apply enhancement and re-check
IDRiD_199.jpg,26.80309041117983,57.83760468199732,43.247972652119046,0.6902994900846889,71.06244497124783,GOOD,Accept image for classification
IDRiD_358.jpg,24.60965979661024,47.954367689292305,35.34234941691697,0.6893297240535385,58.36936768225394,BORDERLINE,Apply enhancement and re-check
IDRiD_370.jpg,28.037084314682257,68.54630745390848,45.80682100650868,0.690459411815571,80.03926017036156,GOOD,Accept image for classification
IDRiD_402.jpg,23.3510655348742,79.7430346020512,53.05177072849293,0.6906881989717844,73.55090208329801,GOOD,Accept image for classification
IDRiD_364.jpg,7.849849462091993,84.19538676984635,55.85921153232992,0.6904981434994969,53.89176351754602,BORDERLINE,Apply enhancement and re-check
IDRiD_238.jpg,29.221407009441073,56.90847555695015,45.197859313086006,0.6894996357747778,74.1819321022428,GOOD,Accept image for classification
IDRiD_204.jpg,30.321684399751277,70.19981413704825,50.77511096899428,0.6902388950612108,86.00245229188867,GOOD,Accept image for classification
IDRiD_210.jpg,27.984621795557977,64.3618317187762,48.8618083202927,0.6897425071796914,78.94901309328841,GOOD,Accept image for classification
IDRiD_006.jpg,25.19013473711598,58.26717082818003,41.74850912043067,0.6897958144233188,68.44030485591523,GOOD,Accept image for classification
IDRiD_012.jpg,20.186680079392293,92.91821653451493,60.73032813948561,0.6909326261948684,66.31908866271135,GOOD,Accept image for classification
IDRiD_013.jpg,20.20987741141893,89.90505873459249,60.01229333776076,0.6908997083577897,67.68417667715039,GOOD,Accept image for classification
IDRiD_007.jpg,25.83076661012396,53.56535115962498,39.752153668166535,0.6896317165489267,65.42694764814053,GOOD,Accept image for classification
IDRiD_211.jpg,27.975970714498715,62.710519885649,47.56691833909136,0.6896410514579491,77.28844224478708,GOOD,Accept image for classification
IDRiD_205.jpg,32.339479765600196,69.03455734188957,51.57301216761688,0.6897255569501509,88.22789510235383,GOOD,Accept image for classification
IDRiD_239.jpg,23.731215460631276,60.16543595990378,45.46239014082477,0.6896664358596764,69.6755319227998,GOOD,Accept image for classification
IDRiD_403.jpg,21.99063880174924,83.02601393489016,56.437904043497,0.6907451910479205,71.8315345889456,GOOD,Accept image for classification
IDRiD_365.jpg,29.395488068014014,67.36217694663969,47.640796908961605,0.6898811387671894,81.75689780276062,GOOD,Accept image for classification
IDRiD_371.jpg,26.16219731864935,72.40289082479981,51.76437283228482,0.6902028655877914,80.27868337849158,GOOD,Accept image for classification
IDRiD_359.jpg,19.74927629802628,79.96451506294021,55.21465227498484,0.6900882263541841,70.05789651717734,GOOD,Accept image for classification
IDRiD_198.jpg,29.06527893290127,64.82121143536182,47.52588902538985,0.6903834223807228,80.01007699766333,GOOD,Accept image for classification
IDRiD_167.jpg,26.199411507678935,56.089959371855606,37.576144348772054,0.6904661263992538,66.44149554019161,GOOD,Accept image for classification
IDRiD_173.jpg,21.73022660639855,48.24568587998386,34.689056042009355,0.6899266669199647,54.94548796457185,BORDERLINE,Apply enhancement and re-check
IDRiD_159.jpg,20.32701799094356,38.79553707825864,30.302397297138636,0.689379346464657,45.410744547331376,BORDERLINE,Apply enhancement and re-check
IDRiD_165.jpg,21.70832495346947,62.19927566019097,41.94286467923698,0.6901895183055928,66.75427567114671,GOOD,Accept image for classification
IDRiD_171.jpg,19.7957254952062,38.08884090236144,28.5804040105262,0.6897226090841438,43.584369178879555,UNGRADEABLE,Recapture fundus image
IDRiD_367.jpg,20.93370264149359,86.49701626828987,59.73322217580272,0.6904461464185393,70.20692968114231,GOOD,Accept image for classification
IDRiD_401.jpg,24.44763992007678,77.02378035319366,50.29911615562178,0.6910194244717424,75.08613949247112,GOOD,Accept image for classification
IDRiD_373.jpg,23.495475840617072,73.69834266059974,50.07420356917649,0.6902439719415563,75.48567485946727,GOOD,Accept image for classification
IDRiD_398.jpg,22.911808773375284,66.44143720259308,44.749072302753575,0.6900498222109257,72.0331951437019,GOOD,Accept image for classification
IDRiD_213.jpg,22.807684331893228,83.76432540051673,59.15800942564309,0.6900784820193275,73.59070317030049,GOOD,Accept image for classification
IDRiD_207.jpg,20.55379429237268,85.74825584594583,59.41968418528147,0.690480783844122,70.02867231691283,GOOD,Accept image for classification
IDRiD_039.jpg,24.046706807832503,68.45978824168309,48.51965093331631,0.6901033751100537,76.52306279765865,GOOD,Accept image for classification
IDRiD_011.jpg,21.02779927319742,60.107931937704386,41.48015221576776,0.6902664903624434,64.52974697918262,BORDERLINE,Apply enhancement and re-check
IDRiD_005.jpg,26.90764990797241,72.55407229674137,48.66547794926455,0.6902646888887725,79.48838503546084,GOOD,Accept image for classification
IDRiD_004.jpg,25.747390727447943,63.39016718003207,45.982730931845246,0.6900495765554251,74.31927876209113,GOOD,Accept image for classification
IDRiD_010.jpg,20.3477178258324,69.6409464811651,48.94046110649068,0.6904069234236123,73.09495935109827,GOOD,Accept image for classification
IDRiD_038.jpg,21.08285558619642,88.38810678546348,57.56508307628765,0.6907411786747443,68.26889749443012,GOOD,Accept image for classification
IDRiD_206.jpg,21.98873808681648,54.71742567119634,41.39930693439408,0.6895279680425122,62.320778365412636,BORDERLINE,Apply enhancement and re-check
IDRiD_212.jpg,28.48221978175547,66.13579516720296,49.71540678198483,0.689810553753354,81.02329143620702,GOOD,Accept image for classification
IDRiD_399.jpg,25.203659294391855,79.6068214110714,54.1040263066495,0.690339286275784,76.27901799594919,GOOD,Accept image for classification
IDRiD_372.jpg,25.7465172541835,69.09501381566535,49.29622917578508,0.6899944678381268,79.28643323170968,GOOD,Accept image for classification
IDRiD_366.jpg,8.300965163771936,44.333352630937654,31.76090588382163,0.6898496129779473,35.118549308562336,UNGRADEABLE,Recapture fundus image
IDRiD_400.jpg,25.80868685136936,79.1055265609278,52.7397380068272,0.6903236462089133,76.57266943623827,GOOD,Accept image for classification
IDRiD_170.jpg,21.923919099242234,38.97916800412439,27.26775954269011,0.6897307157156632,45.954242852699295,BORDERLINE,Apply enhancement and re-check
IDRiD_164.jpg,20.668411093670425,64.26790484681578,44.228525414394205,0.6904343549545111,67.96230579066608,GOOD,Accept image for classification
IDRiD_158.jpg,10.754433836094362,60.26791590131331,41.90948626272922,0.6898847417145313,52.45164958734803,BORDERLINE,Apply enhancement and re-check
IDRiD_160.jpg,8.257572330679743,50.76223388958473,35.846524751706546,0.6898570645281318,40.87065336499184,UNGRADEABLE,Recapture fundus image
IDRiD_174.jpg,22.30528747061135,44.17340911860117,31.813451486393177,0.6897690379737548,51.757653803948784,BORDERLINE,Apply enhancement and re-check
IDRiD_148.jpg,16.631251931552047,32.49138158618774,24.55797092835184,0.6885118550069177,35.5598457559791,UNGRADEABLE,Recapture fundus image
IDRiD_404.jpg,18.16626684790767,94.39371903102987,62.2638303422836,0.6916934212801862,64.10270278774924,BORDERLINE,Apply enhancement and re-check
IDRiD_362.jpg,21.678350970130506,80.61659653475076,54.918850785728544,0.6903925935194114,71.93219516489225,GOOD,Accept image for classification
IDRiD_376.jpg,21.21388282606673,86.72102010248092,59.158287930372126,0.6907153848471826,70.19964131501634,GOOD,Accept image for classification
IDRiD_410.jpg,22.74181713223548,63.46644223034232,43.62768834048508,0.6901217992725976,69.5689320431665,GOOD,Accept image for classification
IDRiD_389.jpg,24.59312063053216,50.30396797503878,37.10132045542272,0.6894453459091481,60.64507583414668,BORDERLINE,Apply enhancement and re-check
IDRiD_216.jpg,21.18188726233832,86.1897896730358,59.39787587704987,0.6902723860944575,70.44913246796139,GOOD,Accept image for classification
IDRiD_202.jpg,28.42409539667815,75.06214306255765,53.295272886129816,0.6902577286495891,82.27579732603581,GOOD,Accept image for classification
IDRiD_014.jpg,8.453082747147448,43.15560941233963,32.56265137835291,0.6894862066074123,34.92947228412115,UNGRADEABLE,Recapture fundus image
IDRiD_028.jpg,22.999908534003083,62.2187477891005,42.574968685573985,0.6901195883730924,68.61527074051534,GOOD,Accept image for classification
IDRiD_029.jpg,26.14188807832223,64.13324902982454,44.55709878822659,0.6901772355305634,74.51314944858231,GOOD,Accept image for classification
IDRiD_001.jpg,24.41423142754792,72.01451545598901,48.711856953211296,0.6904719402461009,76.90816680367539,GOOD,Accept image for classification
IDRiD_015.jpg,20.34298207884724,73.65528326372002,53.03332129041506,0.6901019011770502,73.24060801446493,GOOD,Accept image for classification
IDRiD_203.jpg,24.44734578789167,78.22218819438622,55.45398945135516,0.6904495037103807,76.90488627504882,GOOD,Accept image for classification
IDRiD_217.jpg,26.176665114719444,79.36492591357643,56.12921621929584,0.6903596756823327,78.64079687685971,GOOD,Accept image for classification
IDRiD_388.jpg,25.066411404090495,78.43762536619046,53.24791181286101,0.6903495219216418,76.34053847563649,GOOD,Accept image for classification
IDRiD_377.jpg,24.399527627619197,67.28406480261089,48.19718430864939,0.6901350646696294,76.11478796025493,GOOD,Accept image for classification
IDRiD_411.jpg,24.51908333503679,67.18192673177302,45.69342811396032,0.6900476931965873,74.8674606730146,GOOD,Accept image for classification
IDRiD_405.jpg,20.533655291530344,82.6027359963263,55.55748119730663,0.6907243103303706,69.86780134343394,GOOD,Accept image for classification
IDRiD_363.jpg,6.738978420293903,82.72398721150218,55.84369208844369,0.6903776904190424,53.35926208815198,BORDERLINE,Apply enhancement and re-check
IDRiD_149.jpg,18.1070863095218,34.66080920232056,25.918034445140247,0.6893598577949438,38.30036149499202,UNGRADEABLE,Recapture fundus image
IDRiD_175.jpg,22.54171819805538,44.36349357823767,32.4536863224246,0.6897587204427301,52.47887951589773,BORDERLINE,Apply enhancement and re-check
IDRiD_161.jpg,17.48999567961999,39.82824692701346,33.20609486804531,0.6894537800813348,44.14790216375199,UNGRADEABLE,Recapture fundus image
IDRiD_177.jpg,10.575571164527489,68.38918652327374,46.25493513580563,0.6902775448599698,59.26667120829012,BORDERLINE,Apply enhancement and re-check
IDRiD_163.jpg,25.15888293564754,62.37606802823139,43.96734145183366,0.6904025016246017,72.09915556041761,GOOD,Accept image for classification
IDRiD_188.jpg,24.606299392960995,67.88502782130429,48.99948730883434,0.6904924115378165,77.23650198497225,GOOD,Accept image for classification
IDRiD_413.jpg,10.20431503385385,52.4383104993816,37.95703417060575,0.68975585446189,45.22096547058182,BORDERLINE,Apply enhancement and re-check
IDRiD_375.jpg,19.703899713498323,88.80539032038718,59.441445052900995,0.6908234732674409,67.3866299777509,GOOD,Accept image for classification
IDRiD_361.jpg,21.84192649709381,71.44257229477611,48.56743736496505,0.6901349008992956,73.98005711344614,GOOD,Accept image for classification
IDRiD_407.jpg,24.34630039215899,77.10501674387892,52.49155492563699,0.6905566095086366,75.91363446180935,GOOD,Accept image for classification
IDRiD_349.jpg,27.923456362590873,65.09803742545175,43.99979655509022,0.6902234187646739,76.9170101082239,GOOD,Accept image for classification
IDRiD_201.jpg,25.44585047598714,75.16625784132358,53.81126393766432,0.6899701479435687,78.83612259251578,GOOD,Accept image for classification
IDRiD_215.jpg,25.78038218100092,57.33996289291778,43.85682716559445,0.6895641612862653,69.64008712523999,GOOD,Accept image for classification
IDRiD_229.jpg,25.503301115140925,73.32928916141728,52.87482989464995,0.6898552630544609,79.43024856695389,GOOD,Accept image for classification
IDRiD_003.jpg,9.33195509554347,53.350613450916065,37.16925041233154,0.6898971063747275,44.334751093515656,UNGRADEABLE,Recapture fundus image
IDRiD_017.jpg,5.909354756945866,65.3330616929398,45.873748332116605,0.6903735142755324,51.77826720605912,BORDERLINE,Apply enhancement and re-check
IDRiD_016.jpg,9.07391421783041,62.83215203062112,42.984880131402704,0.6902135925446503,52.57397879474061,BORDERLINE,Apply enhancement and re-check
IDRiD_002.jpg,24.90697975824125,70.94033412751027,47.538015773280144,0.690422563490483,77.4835411515669,GOOD,Accept image for classification
IDRiD_228.jpg,28.919662624352515,70.67805421846177,49.38743133826065,0.6899197066807815,83.23032275423992,GOOD,Accept image for classification
IDRiD_214.jpg,18.81739033865511,92.81194334463568,62.97292161414712,0.6904194518541422,65.74925080662078,GOOD,Accept image for classification
IDRiD_200.jpg,26.283889485702613,47.9101414287848,35.366706154773475,0.6899197885659484,60.544036477498736,BORDERLINE,Apply enhancement and re-check
IDRiD_348.jpg,18.882408477991255,75.24475771161748,51.83977689309525,0.690677717670426,70.14878558873914,GOOD,Accept image for classification
IDRiD_360.jpg,25.627364593061827,55.53188698471302,39.79382209108248,0.6897999905668287,66.38283333934288,GOOD,Accept image for classification
IDRiD_406.jpg,24.038500682742264,60.40057977973545,44.85514259819133,0.6899355924031528,69.94613583829114,GOOD,Accept image for classification
IDRiD_412.jpg,24.431811928243388,62.00073565633909,42.62684041549624,0.6902312797406926,70.26363128736102,GOOD,Accept image for classification
IDRiD_374.jpg,27.430031986086632,48.454383738785005,36.913367641853895,0.6896270490944155,62.93676397732546,BORDERLINE,Apply enhancement and re-check
IDRiD_189.jpg,23.18352692617566,57.55447427102549,42.42390465003248,0.6901706028320477,66.10682684480214,GOOD,Accept image for classification
IDRiD_162.jpg,18.73177530697601,91.80163957031904,60.47876249675448,0.6912131647765386,65.17722788277078,GOOD,Accept image for classification
IDRiD_176.jpg,22.28741480519122,49.43227867422019,37.05391339067578,0.6897340730075047,57.459679773642264,BORDERLINE,Apply enhancement and re-check
IDRiD_139.jpg,22.76729635701918,49.103773890816285,36.223006465361685,0.6897149118784588,57.40635318144337,BORDERLINE,Apply enhancement and re-check
IDRiD_111.jpg,6.0803513745906965,52.00136011262158,35.60138561585099,0.6900478569669211,38.91084200125724,UNGRADEABLE,Recapture fundus image
IDRiD_105.jpg,24.995330579819036,66.24780662392043,46.2017177466676,0.6899803017042596,75.14591383958532,GOOD,Accept image for classification
IDRiD_313.jpg,21.328746748185043,78.9099585792072,55.173489592807826,0.6900924024976941,72.52712653062703,GOOD,Accept image for classification
IDRiD_307.jpg,21.748194920703476,84.48549338760901,58.553566875706615,0.6901796102004025,71.63029584833112,GOOD,Accept image for classification
IDRiD_267.jpg,30.141350336966983,58.247518060592405,44.48887139855063,0.6895187150186567,75.68280002289978,GOOD,Accept image for classification
IDRiD_273.jpg,21.961417752681527,80.7453099451828,58.54583235709008,0.6898767988533456,73.92208758984947,GOOD,Accept image for classification
IDRiD_298.jpg,26.78928915784052,51.795214286930864,40.68388280275395,0.6893637882829532,65.96065266674185,GOOD,Accept image for classification
IDRiD_059.jpg,15.971967350090646,65.56979670533393,47.409796733462215,0.6900621868711219,64.6349211598644,BORDERLINE,Apply enhancement and re-check
IDRiD_065.jpg,23.018468870887062,69.97118436412565,48.24438737342316,0.6904192880838085,76.11537054711934,GOOD,Accept image for classification
IDRiD_071.jpg,23.77088030726949,54.897410004926215,38.955670841323496,0.6898300424230672,63.375634882948134,BORDERLINE,Apply enhancement and re-check
IDRiD_070.jpg,26.298864152155144,69.3093217091334,45.61933567283231,0.6903012915583598,78.25105059006653,GOOD,Accept image for classification
IDRiD_064.jpg,18.09789125952085,63.14003043180341,45.19468802207358,0.6901649527555341,64.66490447623079,BORDERLINE,Apply enhancement and re-check
IDRiD_058.jpg,26.833338464377984,57.81833399059827,42.32246121306401,0.6895390225400386,70.36411015836259,GOOD,Accept image for classification
IDRiD_299.jpg,26.387069295879773,72.49168947441514,50.98679325404706,0.6899092253794231,79.99835121839887,GOOD,Accept image for classification
IDRiD_272.jpg,27.101507058201673,60.73560589782827,44.45366282036194,0.6896960782900805,73.51132039289222,GOOD,Accept image for classification
IDRiD_266.jpg,20.71719901304528,80.86599385992265,55.83729148369463,0.6903733505051988,71.11379430730848,GOOD,Accept image for classification
IDRiD_306.jpg,23.085241147084933,83.94889735072006,59.57356341106427,0.6899084884129213,73.97925413723557,GOOD,Accept image for classification
IDRiD_312.jpg,32.60514832895365,63.44052279093472,46.128023954073754,0.6896229548360725,82.48015199564196,GOOD,Accept image for classification
IDRiD_104.jpg,23.136919532197176,67.8769333906748,46.6705955519026,0.6902647707739393,74.19141331455029,GOOD,Accept image for classification
IDRiD_110.jpg,6.453554404974758,59.779157915871835,40.61527627015715,0.6901132013300771,46.43324918124598,BORDERLINE,Apply enhancement and re-check
IDRiD_138.jpg,24.6382525379326,59.74243618525176,43.29412199671008,0.6899304336376404,69.47181164846513,GOOD,Accept image for classification
IDRiD_106.jpg,15.174323197407675,76.13016187714867,51.18233901634853,0.6909456459363995,64.95602797601927,BORDERLINE,Apply enhancement and re-check
IDRiD_112.jpg,26.32262313425647,64.19879188262514,44.31916819830726,0.6902573192237548,74.66799883774998,GOOD,Accept image for classification
IDRiD_338.jpg,22.238450096569707,60.40711798276874,43.50022491472348,0.6899974975893007,67.11360702525153,GOOD,Accept image for classification
IDRiD_304.jpg,21.381134754786057,83.30719998257484,57.586530247677466,0.6899427164126698,71.28626930301695,GOOD,Accept image for classification
IDRiD_310.jpg,23.02423104604246,83.73342054649505,59.86014080287978,0.6899896366132819,74.2045251710453,GOOD,Accept image for classification
IDRiD_258.jpg,25.592816754732983,79.08960268006875,54.07545300992827,0.690206059109299,76.98225915305557,GOOD,Accept image for classification
IDRiD_270.jpg,28.035050284869364,69.05359613449606,48.05456145366951,0.6899402598576639,81.33259769216178,GOOD,Accept image for classification
IDRiD_264.jpg,31.657075238454052,70.87961488423403,51.674357119758675,0.6898411788057606,87.55126973332511,GOOD,Accept image for classification
IDRiD_072.jpg,24.26153344292447,53.846891360656336,37.55842517626485,0.6898749154945077,62.6479562453376,BORDERLINE,Apply enhancement and re-check
IDRiD_066.jpg,23.45351755693378,76.68774631058193,51.95333248660707,0.6902470016927301,74.70699818924595,GOOD,Accept image for classification
IDRiD_099.jpg,15.905111221807278,67.71615980840181,46.42753551858445,0.6903909558160741,65.3743288032238,GOOD,Accept image for classification
IDRiD_098.jpg,15.50465860910005,67.90104906362674,45.951017199822026,0.6903721222276958,64.74745790160642,BORDERLINE,Apply enhancement and re-check
IDRiD_067.jpg,25.771810523309668,65.6196721416181,44.65528493566184,0.6901917292050981,74.97620170417696,GOOD,Accept image for classification
IDRiD_073.jpg,19.703899713498323,88.80539032038718,59.441445052900995,0.6908234732674409,67.3866299777509,GOOD,Accept image for classification
IDRiD_265.jpg,19.93523464394682,83.78949927548004,58.40047609169537,0.6903478842183045,69.83604010162216,GOOD,Accept image for classification
IDRiD_271.jpg,25.46609519883428,60.22703333970946,44.66487620336234,0.6896310614675918,71.35651055720936,GOOD,Accept image for classification
IDRiD_259.jpg,19.56670439331691,94.56289247560476,67.22887857716272,0.69007815447866,67.75208937269952,GOOD,Accept image for classification
IDRiD_311.jpg,27.044187199801733,74.573314328332,52.94533885097342,0.6899773538382525,80.63550834332733,GOOD,Accept image for classification
IDRiD_305.jpg,30.754112763826917,74.9118733819491,54.080466463777064,0.6899612224603807,85.45978895061066,GOOD,Accept image for classification
IDRiD_339.jpg,26.37885858999995,59.55827775514108,41.04485639631798,0.6901436626121499,70.34199974406259,GOOD,Accept image for classification
IDRiD_113.jpg,25.108644911838063,70.56909544076493,46.94238265134854,0.6907613224257924,77.73389141995584,GOOD,Accept image for classification
IDRiD_107.jpg,6.566495176757989,56.59104328580936,40.80086675028414,0.6902389769463777,44.882972052841865,UNGRADEABLE,Recapture fundus image
IDRiD_103.jpg,21.64617296432228,48.64516029185184,39.14307153803973,0.6895972428936776,57.288574364125665,BORDERLINE,Apply enhancement and re-check
IDRiD_117.jpg,24.566471591317157,66.53246656792408,46.22210197204043,0.6901645433296998,74.86539395956538,GOOD,Accept image for classification
IDRiD_301.jpg,23.727534799255203,73.25713989523939,52.80389891619019,0.6898189879255409,77.30179502552666,GOOD,Accept image for classification
IDRiD_315.jpg,26.29761262030847,69.38032106191305,51.32815637547627,0.6897563457728911,81.0904720987922,GOOD,Accept image for classification
IDRiD_329.jpg,23.37349527626172,78.47570901090579,52.448104850736065,0.6905780634223545,73.95250836399934,GOOD,Accept image for classification
IDRiD_275.jpg,25.34527510964255,75.96204475122632,54.80801385458471,0.6900507229477612,78.80596594097227,GOOD,Accept image for classification
IDRiD_261.jpg,29.696629458951644,64.65908707537628,46.60508058964657,0.6898446179827687,80.02097074740651,GOOD,Accept image for classification
IDRiD_249.jpg,26.380748003524975,79.99381292056222,57.29309477625349,0.6899642522115546,79.00587338147622,GOOD,Accept image for classification
IDRiD_077.jpg,15.563771426220844,96.57897373975452,65.53429942305105,0.6909790550844793,61.2217892780332,BORDERLINE,Apply enhancement and re-check
IDRiD_063.jpg,20.26255618954351,62.36518950192856,43.2654344919201,0.6901969698557773,65.81326006260402,GOOD,Accept image for classification
IDRiD_088.jpg,24.18676417908786,59.09929927587309,42.556990286463424,0.6898639428821483,68.15995333583282,GOOD,Accept image for classification
IDRiD_089.jpg,9.765776241653434,50.425699446718305,34.982030297890574,0.6927370477318464,42.943979590545354,UNGRADEABLE,Recapture fundus image
IDRiD_062.jpg,25.839564433425892,73.7175762580182,50.23497355600702,0.6903918565529096,78.40547192376695,GOOD,Accept image for classification
IDRiD_076.jpg,9.409822649763152,57.35808367091858,40.18346565058443,0.6901817392147409,48.3780133277984,BORDERLINE,Apply enhancement and re-check
IDRiD_248.jpg,28.790337942328705,73.87355775655605,52.52891595246637,0.6900362292732266,82.92301852633196,GOOD,Accept image for classification
IDRiD_260.jpg,28.236243701153448,58.305044355557186,42.58747270612797,0.6897040211512662,72.5084630658773,GOOD,Accept image for classification
IDRiD_274.jpg,10.616909908885136,24.747287308192185,20.98723930327007,0.6372009717476522,10.226552808724968,UNGRADEABLE,Recapture fundus image
IDRiD_328.jpg,25.120961668427768,56.19056176827415,38.874412529670465,0.6898428983942646,65.68906314654173,GOOD,Accept image for classification
IDRiD_314.jpg,23.478042574296087,71.22967544650344,49.41461195817166,0.6899536890250293,76.43982651385731,GOOD,Accept image for classification
IDRiD_300.jpg,28.41134259701017,63.76144156871017,46.033146483929,0.6897651074857454,77.6495810805269,GOOD,Accept image for classification
IDRiD_116.jpg,20.802191802352343,86.63129942588672,58.86399948414324,0.6907053948568255,69.60268252880083,GOOD,Accept image for classification
IDRiD_102.jpg,22.313238682247867,78.67783615826241,53.68344044847643,0.6904252657009894,73.16538576524687,GOOD,Accept image for classification
IDRiD_114.jpg,24.31433955027243,62.22026487558696,41.09389358184589,0.6902570735682543,69.4585298968191,GOOD,Accept image for classification
IDRiD_100.jpg,23.307268519219715,55.87514297150134,38.6738650056964,0.6899334633888143,63.266595137979905,BORDERLINE,Apply enhancement and re-check
IDRiD_128.jpg,19.985834272593458,83.66648015955161,57.41265515017293,0.6905525152502935,69.51725214037407,GOOD,Accept image for classification
IDRiD_316.jpg,23.097221603417463,81.89708451138793,57.85298071073066,0.6901164767367516,74.33592095838662,GOOD,Accept image for classification
IDRiD_302.jpg,22.847210466909548,73.21312203248155,51.50304001758872,0.6900033933213148,75.65637684212275,GOOD,Accept image for classification
IDRiD_262.jpg,22.85790229157239,82.78400445324291,57.76302715832269,0.6903035024578652,73.55575568821534,GOOD,Accept image for classification
IDRiD_276.jpg,33.422857539476965,62.70960219858397,46.38685636003456,0.6897322715338337,83.20878109043237,GOOD,Accept image for classification
IDRiD_289.jpg,25.573559486042452,75.46767443833326,53.427904860948615,0.6897552812657219,78.54856013251214,GOOD,Accept image for classification
IDRiD_060.jpg,18.224632138488907,94.45496823510608,61.67556326140074,0.6910272035625943,63.619536080199076,BORDERLINE,Apply enhancement and re-check
IDRiD_074.jpg,22.05044150540572,69.48593139136655,49.281944043100125,0.6902587931567583,75.17117978009652,GOOD,Accept image for classification
IDRiD_048.jpg,30.08031394810107,62.55601019110033,43.461453119455925,0.6899648254077226,77.6783938226274,GOOD,Accept image for classification
IDRiD_049.jpg,23.08043628825747,74.16212133023436,51.378133977796175,0.6902337362956985,75.40075845134973,GOOD,Accept image for classification
IDRiD_075.jpg,12.770544740336453,58.82234488984152,40.34012307112138,0.6903813752515512,53.37421739314211,BORDERLINE,Apply enhancement and re-check
IDRiD_061.jpg,17.934535099790498,95.42909252237756,63.27068490735161,0.6911938398771591,63.60005427279807,BORDERLINE,Apply enhancement and re-check
IDRiD_288.jpg,24.068999956723054,73.16276535707173,51.46166568634687,0.6898318438967382,77.06861831934998,GOOD,Accept image for classification
IDRiD_277.jpg,24.127937954625697,72.4611717734624,50.27441579910275,0.6898274220977276,76.92016962832551,GOOD,Accept image for classification
IDRiD_263.jpg,24.8878601468557,77.10072399589133,53.49563784144561,0.6902649345442731,76.99336646860448,GOOD,Accept image for classification
IDRiD_303.jpg,21.157059516600583,86.54275453840349,59.424234934829045,0.6901545533393426,70.19410199450896,GOOD,Accept image for classification
IDRiD_317.jpg,23.430422582772632,77.61967844677595,54.95493639476715,0.6899402598576639,75.61283469539362,GOOD,Accept image for classification
IDRiD_129.jpg,21.982249260958397,68.22988711965978,47.74434113240183,0.6902324261330287,73.56277655073865,GOOD,Accept image for classification
IDRiD_101.jpg,25.020996911076047,71.35127770338966,49.78950882392152,0.690346410285301,78.53339122505119,GOOD,Accept image for classification
IDRiD_115.jpg,23.33146017978219,60.80765493656192,49.3877227452135,0.6895511415447342,71.57283351711084,GOOD,Accept image for classification
